corpus,index,vendor,gold,input,prediction,exact,cer,error
news,1,mingyuepinyin,今年一季度,jinnianyijidu,今年一季度,True,0.0,
news,1,mingyuepinyin_with_gram,今年一季度,jinnianyijidu,今年一季度,True,0.0,
news,2,mingyuepinyin,我国工业经济增势良好,woguogongyejingjizengshilianghao,我国工业经济增势良好,True,0.0,
news,2,mingyuepinyin_with_gram,我国工业经济增势良好,woguogongyejingjizengshilianghao,我果工业经济曾是良好,False,0.3,
news,3,mingyuepinyin,企业效益明显回升,qiyexiaoyimingxianhuisheng,企业效益明显回升,True,0.0,
news,3,mingyuepinyin_with_gram,企业效益明显回升,qiyexiaoyimingxianhuisheng,企业效益明西安徽省,False,0.5,
news,4,mingyuepinyin,为全年高质量发展打下扎实基础,weiquanniangaozhiliangfazhandaxiazhashijichu,为全年高质量发展大厦扎实基础,False,0.14285714285714285,
news,4,mingyuepinyin_with_gram,为全年高质量发展打下扎实基础,weiquanniangaozhiliangfazhandaxiazhashijichu,味全年高质量发展打下炸是基础,False,0.21428571428571427,
news,5,mingyuepinyin,作为工业经济的,zuoweigongyejingjide,作为工业经济的,True,0.0,
news,5,mingyuepinyin_with_gram,作为工业经济的,zuoweigongyejingjide,座位工业经济的,False,0.2857142857142857,
news,8,mingyuepinyin,装备制造业表现亮眼,zhuangbeizhizaoyebiaoxianliangyan,装备制造业表现亮眼,True,0.0,
news,8,mingyuepinyin_with_gram,装备制造业表现亮眼,zhuangbeizhizaoyebiaoxianliangyan,装备制造业表现亮眼,True,0.0,
news,10,mingyuepinyin,占全部规模以上工业比重超过三成,zhanquanbuguimoyishanggongyebizhongchaoguosancheng,占全部规模以上工业比重超过三成,True,0.0,
news,10,mingyuepinyin_with_gram,占全部规模以上工业比重超过三成,zhanquanbuguimoyishanggongyebizhongchaoguosancheng,占全部规模以上工也比中超过三成,False,0.13333333333333333,
news,11,mingyuepinyin,支撑作用强劲,zhichengzuoyongqiangjing,支撑作用强劲,True,0.0,
news,11,mingyuepinyin_with_gram,支撑作用强劲,zhichengzuoyongqiangjing,支撑作用强劲,True,0.0,
news,13,mingyuepinyin,电子行业增长迅猛,dianzihangyezengzhangxunmeng,电子行业增长迅猛,True,0.0,
news,13,mingyuepinyin_with_gram,电子行业增长迅猛,dianzihangyezengzhangxunmeng,电子行也增长迅猛,False,0.125,
news,15,mingyuepinyin,成为拉动工业增长的第一动力,chengweiladonggongyezengzhangdediyidongli,成为拉动工业增长的第移动力,False,0.07692307692307693,
news,15,mingyuepinyin_with_gram,成为拉动工业增长的第一动力,chengweiladonggongyezengzhangdediyidongli,成微辣动工也增长的第一洞里,False,0.38461538461538464,
news,20,mingyuepinyin,浪潮推动下,langchaotuidongxia,浪潮推动下,True,0.0,
news,20,mingyuepinyin_with_gram,浪潮推动下,langchaotuidongxia,浪潮推动下,True,0.0,
news,23,mingyuepinyin,企业效益同步回暖,qiyexiaoyitongbuhuinuan,企业效益同步回暖,True,0.0,
news,23,mingyuepinyin_with_gram,企业效益同步回暖,qiyexiaoyitongbuhuinuan,企业效益同步回暖,True,0.0,
news,24,mingyuepinyin,发展信心更足,fazhanxinxingengzu,发展信心梗阻,False,0.3333333333333333,
news,24,mingyuepinyin_with_gram,发展信心更足,fazhanxinxingengzu,发展新新更足,False,0.3333333333333333,
news,27,mingyuepinyin,增速大幅加快,zengsudafujiakuai,增速大幅加快,True,0.0,
news,27,mingyuepinyin_with_gram,增速大幅加快,zengsudafujiakuai,增速大附加快,False,0.16666666666666666,
news,28,mingyuepinyin,盈利结构持续优化,yinglijiegouchixuyouhua,盈利结构持续优化,True,0.0,
news,28,mingyuepinyin_with_gram,盈利结构持续优化,yinglijiegouchixuyouhua,盈利解构持续优化,False,0.125,
news,32,mingyuepinyin,投资信心也稳步提升,touzixinxinyewenbutisheng,投资信心叶问不提升,False,0.3333333333333333,
news,32,mingyuepinyin_with_gram,投资信心也稳步提升,touzixinxinyewenbutisheng,骰子信心也稳步提升,False,0.2222222222222222,
news,33,mingyuepinyin,发展预期持续向好,fazhanyuqichixuxianghao,发展预期持续想好,False,0.125,
news,33,mingyuepinyin_with_gram,发展预期持续向好,fazhanyuqichixuxianghao,发展预期持续想好,False,0.125,
news,36,mingyuepinyin,各项促消费政策持续发力显效,gexiangcuxiaofeizhengcechixufalixianxiao,个香醋消费政策持续发力铣削,False,0.38461538461538464,
news,36,mingyuepinyin_with_gram,各项促消费政策持续发力显效,gexiangcuxiaofeizhengcechixufalixianxiao,个香醋小非政策持续发力先小,False,0.5384615384615384,
news,37,mingyuepinyin,假日消费带动作用凸显,jiarixiaofeidaidongzuoyongtuxian,假日消费带动作用凸显,True,0.0,
news,37,mingyuepinyin_with_gram,假日消费带动作用凸显,jiarixiaofeidaidongzuoyongtuxian,假日小非代动作用途先,False,0.5,
news,38,mingyuepinyin,我国消费市场保持平稳增长,woguoxiaofeishichangbaochipingwenzengzhang,我国消费市场保持平稳增长,True,0.0,
news,38,mingyuepinyin_with_gram,我国消费市场保持平稳增长,woguoxiaofeishichangbaochipingwenzengzhang,我果小非是常保持平稳增长,False,0.4166666666666667,
news,39,mingyuepinyin,消费结构持续优化,xiaofeijiegouchixuyouhua,消费结构持续优化,True,0.0,
news,39,mingyuepinyin_with_gram,消费结构持续优化,xiaofeijiegouchixuyouhua,消费结构持续优化,True,0.0,
news,41,mingyuepinyin,我国市场销售增长加快,woguoshichangxiaoshouzengzhangjiakuai,我国市场销售增长加快,True,0.0,
news,41,mingyuepinyin_with_gram,我国市场销售增长加快,woguoshichangxiaoshouzengzhangjiakuai,我果市场销售增长加快,False,0.1,
news,42,mingyuepinyin,消费活力持续释放,xiaofeihuolichixushifang,消费获利持续释放,False,0.25,
news,42,mingyuepinyin_with_gram,消费活力持续释放,xiaofeihuolichixushifang,小非活力持续释放,False,0.25,
news,45,mingyuepinyin,服务消费增势亮眼,fuwuxiaofeizengshiliangyan,服务消费增势亮眼,True,0.0,
news,45,mingyuepinyin_with_gram,服务消费增势亮眼,fuwuxiaofeizengshiliangyan,服务消费曾是亮眼,False,0.25,
news,46,mingyuepinyin,成为拉动消费增长的重要动力,chengweiladongxiaofeizengzhangdezhongyaodongli,成为拉动消费增长的重要动力,True,0.0,
news,46,mingyuepinyin_with_gram,成为拉动消费增长的重要动力,chengweiladongxiaofeizengzhangdezhongyaodongli,成为拉动小非增长的重要懂里,False,0.3076923076923077,
news,47,mingyuepinyin,商品消费稳步扩大,shangpinxiaofeiwenbukuoda,商品消费稳步扩大,True,0.0,
news,47,mingyuepinyin_with_gram,商品消费稳步扩大,shangpinxiaofeiwenbukuoda,商品小非文不适大,False,0.625,
news,49,mingyuepinyin,限额以上单位中,xianeyishangdanweizhong,限额以上单位中,True,0.0,
news,49,mingyuepinyin_with_gram,限额以上单位中,xianeyishangdanweizhong,下呢一上淡味中,False,0.7142857142857143,
news,50,mingyuepinyin,近八成商品类别零售额实现增长,jinbachengshangpinleibielingshoueshixianzengzhang,进八成商品类别零售额实现增长,False,0.07142857142857142,
news,50,mingyuepinyin_with_gram,近八成商品类别零售额实现增长,jinbachengshangpinleibielingshoueshixianzengzhang,近八成商品类别零售额是先增长,False,0.14285714285714285,
news,51,mingyuepinyin,高能效等级家电商品销售高速增长,gaonengxiaodengjijiadianshangpinxiaoshougaosuzengzhang,高能小等级加点商品销售高速增长,False,0.2,
news,51,mingyuepinyin_with_gram,高能效等级家电商品销售高速增长,gaonengxiaodengjijiadianshangpinxiaoshougaosuzengzhang,高能小等及家店商品销售高速增长,False,0.2,
news,52,mingyuepinyin,消费升级态势愈发明显,xiaofeishengjitaishiyufamingxian,消费升级态势语法明显,False,0.2,
news,52,mingyuepinyin_with_gram,消费升级态势愈发明显,xiaofeishengjitaishiyufamingxian,消费升级态势语法明显,False,0.2,
news,53,mingyuepinyin,消费新业态新模式也在不断茁壮成长,xiaofeixinyetaixinmoshiyezaibuduanzhuozhuangchengzhang,消费新也太新模式也在不断茁壮成长,False,0.125,
news,53,mingyuepinyin_with_gram,消费新业态新模式也在不断茁壮成长,xiaofeixinyetaixinmoshiyezaibuduanzhuozhuangchengzhang,小非心也太新模式也在不断茁壮成长,False,0.3125,
news,54,mingyuepinyin,线上线下融合发展势头向好,xianshangxianxiaronghefazhanshitouxianghao,线上线下融合发展势头想好,False,0.08333333333333333,
news,54,mingyuepinyin_with_gram,线上线下融合发展势头向好,xianshangxianxiaronghefazhanshitouxianghao,线上先下融合发展是投向好,False,0.25,
news,57,mingyuepinyin,直播电商依托技术赋能,zhibodianshangyituojishufuneng,直播电商依托技术赋能,True,0.0,
news,57,mingyuepinyin_with_gram,直播电商依托技术赋能,zhibodianshangyituojishufuneng,直播地安上一托及舒服能,False,0.7,
news,58,mingyuepinyin,实现供需高效对接,shixiangongxugaoxiaoduijie,实现供需高校对接,False,0.125,
news,58,mingyuepinyin_with_gram,实现供需高效对接,shixiangongxugaoxiaoduijie,是先供需高校队接,False,0.5,
news,60,mingyuepinyin,传统零售业态加快数字化转型,chuantonglingshouyetaijiakuaishuzihuazhuanxing,传统零售业太加快数字化转型,False,0.07692307692307693,
news,60,mingyuepinyin_with_gram,传统零售业态加快数字化转型,chuantonglingshouyetaijiakuaishuzihuazhuanxing,串同另收也太假快熟字花砖行,False,0.8461538461538461,
news,61,mingyuepinyin,为消费市场扩容提质注入强劲动力,weixiaofeishichangkuorongtizhizhuruqiangjingdongli,为消费市场扩容体制诸如强劲动力,False,0.26666666666666666,
news,61,mingyuepinyin_with_gram,为消费市场扩容提质注入强劲动力,weixiaofeishichangkuorongtizhizhuruqiangjingdongli,位消费市场扩容提之注入强京东里,False,0.3333333333333333,
novel,0,mingyuepinyin,她听到了这话,tatingdaolezhehua,他听到了这话,True,0.0,
novel,0,mingyuepinyin_with_gram,她听到了这话,tatingdaolezhehua,他听到了着花,False,0.3333333333333333,
novel,1,mingyuepinyin,心里充满了愤怒和妒忌,xinlichongmanlefennuheduji,心里充满了愤怒和妒忌,True,0.0,
novel,1,mingyuepinyin_with_gram,心里充满了愤怒和妒忌,xinlichongmanlefennuheduji,心里充满了愤怒和杜集,False,0.2,
novel,2,mingyuepinyin,脸也变得苍白起来,lianyebiandecangbaiqilai,连夜变得苍白起来,False,0.25,
novel,2,mingyuepinyin_with_gram,脸也变得苍白起来,lianyebiandecangbaiqilai,连夜变得苍白起来,False,0.25,
novel,3,mingyuepinyin,她叫来了一名仆人对他说,tajiaolaileyimingpurenduitashuo,他叫来了一名仆人对他说,True,0.0,
novel,3,mingyuepinyin_with_gram,她叫来了一名仆人对他说,tajiaolaileyimingpurenduitashuo,他叫来了一名普人对他说,False,0.09090909090909091,
novel,4,mingyuepinyin,给我把白雪公主抓到大森林里去,geiwobabaixuegongzhuzhuadaodasenlinliqu,给我爸白雪公主抓到大森林离去,False,0.14285714285714285,
novel,4,mingyuepinyin_with_gram,给我把白雪公主抓到大森林里去,geiwobabaixuegongzhuzhuadaodasenlinliqu,给我把白雪公主抓到大森林里去,True,0.0,
novel,5,mingyuepinyin,我再也不希望看到她了,wozaiyebuxiwangkandaotale,我再也不希望看到他了,True,0.0,
novel,5,mingyuepinyin_with_gram,我再也不希望看到她了,wozaiyebuxiwangkandaotale,我在也不希望看到他了,False,0.1,
novel,6,mingyuepinyin,仆人把白雪公主带走了,purenbabaixuegongzhudaizoule,仆人吧白雪公主带走了,False,0.1,
novel,6,mingyuepinyin_with_gram,仆人把白雪公主带走了,purenbabaixuegongzhudaizoule,仆人把白雪公主代走了,False,0.1,
novel,7,mingyuepinyin,在森林里他正要动手杀死她时,zaisenlinlitazhengyaodongshoushasitashi,在森林里他正要动手杀死他是,False,0.07692307692307693,
novel,7,mingyuepinyin_with_gram,在森林里他正要动手杀死她时,zaisenlinlitazhengyaodongshoushasitashi,在森林里他正要冬狩杀死他是,False,0.23076923076923078,
novel,8,mingyuepinyin,她哭泣着哀求他不要杀害她,takuqizheaiqiutabuyaoshahaita,他哭泣着哀求他不要杀海獭,False,0.16666666666666666,
novel,8,mingyuepinyin_with_gram,她哭泣着哀求他不要杀害她,takuqizheaiqiutabuyaoshahaita,他哭泣着哀求他不要杀害他,True,0.0,
novel,9,mingyuepinyin,面对楚楚动人的可怜小公主的哀求,mianduichuchudongrendekelianxiaogongzhudeaiqiu,面对楚楚动人的可怜小公主的哀求,True,0.0,
novel,9,mingyuepinyin_with_gram,面对楚楚动人的可怜小公主的哀求,mianduichuchudongrendekelianxiaogongzhudeaiqiu,面对楚楚动人的可怜小公主的哀求,True,0.0,
novel,10,mingyuepinyin,仆人的同情之心油然而生,purendetongqingzhixinyouranersheng,仆人的同情之心油然而生,True,0.0,
novel,10,mingyuepinyin_with_gram,仆人的同情之心油然而生,purendetongqingzhixinyouranersheng,仆人的同情之心油然而生,True,0.0,
novel,12,mingyuepinyin,你是一个人见人爱的孩子,nishiyigerenjianrenaidehaizi,你是一个人见人爱的孩子,True,0.0,
novel,12,mingyuepinyin_with_gram,你是一个人见人爱的孩子,nishiyigerenjianrenaidehaizi,你是一个人建人挨的孩子,False,0.18181818181818182,
novel,13,mingyuepinyin,我不会杀害你,wobuhuishahaini,我不会杀害你,True,0.0,
novel,13,mingyuepinyin_with_gram,我不会杀害你,wobuhuishahaini,我不回沙海你,False,0.5,
novel,15,mingyuepinyin,他把她单独留在了森林里,tabatadanduliuzailesenlinli,他把它单独留在了森林里,True,0.0,
novel,15,mingyuepinyin_with_gram,他把她单独留在了森林里,tabatadanduliuzailesenlinli,他把他但都留在了森林里,False,0.18181818181818182,
novel,16,mingyuepinyin,当仆人决定不再杀害白雪公主,dangpurenjuedingbuzaishahaibaixuegongzhu,当铺人决定不再杀害白雪公主,False,0.07692307692307693,
novel,16,mingyuepinyin_with_gram,当仆人决定不再杀害白雪公主,dangpurenjuedingbuzaishahaibaixuegongzhu,当铺人决定不在沙海白雪公主,False,0.3076923076923077,
novel,17,mingyuepinyin,而把她留在那儿时,erbataliuzainaershi,而把它留在那而是,False,0.25,
novel,17,mingyuepinyin_with_gram,而把她留在那儿时,erbataliuzainaershi,而把他留在那儿是,False,0.125,
novel,18,mingyuepinyin,尽管他知道在那荒无人际的大森林里,jinguantazhidaozainahuangwurenjidedasenlinli,尽管他知道在哪黄无人机的大森林里,False,0.1875,
novel,18,mingyuepinyin_with_gram,尽管他知道在那荒无人际的大森林里,jinguantazhidaozainahuangwurenjidedasenlinli,尽管他知道在那皇五人及的大森林里,False,0.1875,
novel,19,mingyuepinyin,她十有八九会被野兽撕成碎片,tashiyoubajiuhuibeiyeshousichengsuipian,他十有八九会被野兽撕成碎片,True,0.0,
novel,19,mingyuepinyin_with_gram,她十有八九会被野兽撕成碎片,tashiyoubajiuhuibeiyeshousichengsuipian,他是有把就回被野手撕成碎片,False,0.38461538461538464,
novel,20,mingyuepinyin,但想到他不必亲手杀害她,danxiangdaotabubiqinshoushahaita,单向道他不避秦手刹海獭,False,0.7272727272727273,
novel,20,mingyuepinyin_with_gram,但想到他不必亲手杀害她,danxiangdaotabubiqinshoushahaita,但想到他不避秦手沙海他,False,0.36363636363636365,
novel,21,mingyuepinyin,他就觉得压在心上的一块沉重的大石头落了下来,tajiujuedeyazaixinshangdeyikuaichenzhongdedashitoulalexialai,他就觉得压在欣赏的一块沉重的大石头拉了下来,False,0.14285714285714285,
novel,21,mingyuepinyin_with_gram,他就觉得压在心上的一块沉重的大石头落了下来,tajiujuedeyazaixinshangdeyikuaichenzhongdedashitoulalexialai,他就觉得牙在心上的一块沉重的大石头拉了下来,False,0.09523809523809523,
novel,22,mingyuepinyin,仆人走了以后,purenzouleyihou,仆人走了以后,True,0.0,
novel,22,mingyuepinyin_with_gram,仆人走了以后,purenzouleyihou,仆人走了以后,True,0.0,
novel,23,mingyuepinyin,白雪公主一个人非常害怕,baixuegongzhuyigerenfeichanghaipa,白雪公主一个人非常害怕,True,0.0,
novel,23,mingyuepinyin_with_gram,白雪公主一个人非常害怕,baixuegongzhuyigerenfeichanghaipa,白雪公主一个人非常害怕,True,0.0,
novel,24,mingyuepinyin,她在森林里到处徘徊,tazaisenlinlidaochupaihuai,他在森林里到处徘徊,True,0.0,
novel,24,mingyuepinyin_with_gram,她在森林里到处徘徊,tazaisenlinlidaochupaihuai,他在森林里到处徘徊,True,0.0,
novel,25,mingyuepinyin,寻找出去的路,xunzhaochuqudelu,寻找出去的路,True,0.0,
novel,25,mingyuepinyin_with_gram,寻找出去的路,xunzhaochuqudelu,寻找出去的路,True,0.0,
novel,26,mingyuepinyin,野兽在她身旁吼叫,yeshouzaitashenpanghoujiao,野兽在他身旁吼叫,True,0.0,
novel,26,mingyuepinyin_with_gram,野兽在她身旁吼叫,yeshouzaitashenpanghoujiao,野手在他身旁吼叫,False,0.125,
novel,27,mingyuepinyin,但却没有一个去伤害她,danquemeiyouyigequshanghaita,但却没有一个去上海他,False,0.2,
novel,27,mingyuepinyin_with_gram,但却没有一个去伤害她,danquemeiyouyigequshanghaita,但却没有一格去上海獭,False,0.4,
novel,29,mingyuepinyin,她来到了一间小房子跟前,talaidaoleyijianxiaofangzigenqian,他来到了意见小房子跟前,False,0.18181818181818182,
novel,29,mingyuepinyin_with_gram,她来到了一间小房子跟前,talaidaoleyijianxiaofangzigenqian,他来到了一件小房子跟前,False,0.09090909090909091,
novel,30,mingyuepinyin,当她确定这间房子没有人时,dangtaquedingzhejianfangzimeiyourenshi,当他确定这间房子没有人是,False,0.08333333333333333,
novel,30,mingyuepinyin_with_gram,当她确定这间房子没有人时,dangtaquedingzhejianfangzimeiyourenshi,当他确定着建房子美有人是,False,0.3333333333333333,
novel,31,mingyuepinyin,就推门走进去想休息一下,jiutuimenzoujinquxiangxiuxiyixia,就推门走进去想休息一下,True,0.0,
novel,31,mingyuepinyin_with_gram,就推门走进去想休息一下,jiutuimenzoujinquxiangxiuxiyixia,就推门走进去想休息一下,True,0.0,
novel,32,mingyuepinyin,因为她已经实在走不动了,yinweitayijingshizaizoubudongle,因为他已经是再走不动了,False,0.18181818181818182,
novel,32,mingyuepinyin_with_gram,因为她已经实在走不动了,yinweitayijingshizaizoubudongle,因为他已经是在走不动了,False,0.09090909090909091,
novel,34,mingyuepinyin,她就发现房子里的一切都布置得井井有条,tajiufaxianfangzilideyiqiedoubuzhidejingjingyoutiao,他就发现房子里的一切都不值得井井有条,False,0.1111111111111111,
novel,34,mingyuepinyin_with_gram,她就发现房子里的一切都布置得井井有条,tajiufaxianfangzilideyiqiedoubuzhidejingjingyoutiao,他就发现房子里的一切都不知的井井有条,False,0.1111111111111111,
novel,35,mingyuepinyin,十分整洁干净,shifenzhengjieganjing,十分整洁干净,True,0.0,
novel,35,mingyuepinyin_with_gram,十分整洁干净,shifenzhengjieganjing,十分政界干净,False,0.3333333333333333,
novel,36,mingyuepinyin,一张桌子上铺着白布,yizhangzhuozishangpuzhebaibu,一张桌子上铺着摆布,False,0.1111111111111111,
novel,36,mingyuepinyin_with_gram,一张桌子上铺着白布,yizhangzhuozishangpuzhebaibu,一张桌子上铺着白布,True,0.0,
novel,37,mingyuepinyin,上面摆放着七个小盘子,shangmianbaifangzheqigexiaopanzi,上面摆放着七个小盘子,True,0.0,
novel,37,mingyuepinyin_with_gram,上面摆放着七个小盘子,shangmianbaifangzheqigexiaopanzi,上面白放着七格小盘子,False,0.2,
novel,38,mingyuepinyin,每个盘子里都装有一块面包和其它一些吃的东西,meigepanzilidouzhuangyouyikuaimianbaoheqitayixiechidedongxi,每个盘子里都装有一块面包和其他一些吃的东西,True,0.0,
novel,38,mingyuepinyin_with_gram,每个盘子里都装有一块面包和其它一些吃的东西,meigepanzilidouzhuangyouyikuaimianbaoheqitayixiechidedongxi,每个盘子里都装有一块面包和其他一些持的洞悉,False,0.14285714285714285,
novel,39,mingyuepinyin,盘子旁边依次放着七个装满葡萄酒的玻璃杯,panzipangbianyicifangzheqigezhuangmanputaojiudebolibei,盘子旁边一次方这七个装满葡萄酒的玻璃杯,False,0.15789473684210525,
novel,39,mingyuepinyin_with_gram,盘子旁边依次放着七个装满葡萄酒的玻璃杯,panzipangbianyicifangzheqigezhuangmanputaojiudebolibei,盘子旁边一次放着七个装满葡萄酒的玻璃杯,False,0.05263157894736842,
novel,40,mingyuepinyin,七把刀子和叉子等,qibadaozihechazideng,七八刀子和叉子等,False,0.125,
novel,40,mingyuepinyin_with_gram,七把刀子和叉子等,qibadaozihechazideng,七八道子和叉子等,False,0.25,
novel,41,mingyuepinyin,靠墙还并排放着七张小床,kaoqianghaibingpaifangzheqizhangxiaochuang,靠墙害病排放这起张小窗,False,0.45454545454545453,
novel,41,mingyuepinyin_with_gram,靠墙还并排放着七张小床,kaoqianghaibingpaifangzheqizhangxiaochuang,靠墙海冰排放着七章小窗,False,0.36363636363636365,
novel,42,mingyuepinyin,此时她感到又饿又渴,cishitagandaoyoueyouke,此时他感到又饿又渴,True,0.0,
novel,42,mingyuepinyin_with_gram,此时她感到又饿又渴,cishitagandaoyoueyouke,次是他感到又饿又渴,False,0.2222222222222222,
novel,43,mingyuepinyin,也顾不得这是谁的了,yegubudezheshisheidele,也顾不得这是谁的了,True,0.0,
novel,43,mingyuepinyin_with_gram,也顾不得这是谁的了,yegubudezheshisheidele,斜谷不得着是谁的了,False,0.3333333333333333,
novel,44,mingyuepinyin,走上前去从每块面包上切了一小块吃了,zoushangqianqucongmeikuaimianbaoshangqieleyixiaokuaichile,走上前去从没快面包尚且了一小块吃了,False,0.23529411764705882,
novel,44,mingyuepinyin_with_gram,走上前去从每块面包上切了一小块吃了,zoushangqianqucongmeikuaimianbaoshangqieleyixiaokuaichile,走上前去从没快面包上切了一小快吃了,False,0.17647058823529413,
novel,45,mingyuepinyin,又把每只玻璃杯里的酒喝了一点点,youbameizhibolibeilidejiuheleyidiandian,又把妹纸玻璃杯里的就和了一点点,False,0.26666666666666666,
novel,45,mingyuepinyin_with_gram,又把每只玻璃杯里的酒喝了一点点,youbameizhibolibeilidejiuheleyidiandian,有八美直播里贝利的就和了一点点,False,0.6666666666666666,
novel,46,mingyuepinyin,吃过喝过之后,chiguoheguozhihou,吃过喝过之后,True,0.0,
novel,46,mingyuepinyin_with_gram,吃过喝过之后,chiguoheguozhihou,翅果核果之后,False,0.6666666666666666,
novel,47,mingyuepinyin,她觉得非常疲倦,tajuedefeichangpijuan,他觉得非常疲倦,True,0.0,
novel,47,mingyuepinyin_with_gram,她觉得非常疲倦,tajuedefeichangpijuan,他觉得非常疲倦,True,0.0,
novel,48,mingyuepinyin,想躺下休息休息,xiangtangxiaxiuxixiuxi,想躺下休息休息,True,0.0,
novel,48,mingyuepinyin_with_gram,想躺下休息休息,xiangtangxiaxiuxixiuxi,想躺下休息休息,True,0.0,
novel,49,mingyuepinyin,于是来到那些床前,yushilaidaonaxiechuangqian,于是来到那些窗前,False,0.125,
novel,49,mingyuepinyin_with_gram,于是来到那些床前,yushilaidaonaxiechuangqian,于是来到那些窗前,False,0.125,
novel,50,mingyuepinyin,七张床的每一张她几乎都试过了,qizhangchuangdemeiyizhangtajihudoushiguole,七章床的每一张他几乎都是过了,False,0.14285714285714285,
novel,50,mingyuepinyin_with_gram,七张床的每一张她几乎都试过了,qizhangchuangdemeiyizhangtajihudoushiguole,七章床的每一章他疾呼都是郭了,False,0.42857142857142855,
novel,51,mingyuepinyin,不是这一张太长,bushizheyizhangtaizhang,不是这一章台帐,False,0.42857142857142855,
novel,51,mingyuepinyin_with_gram,不是这一张太长,bushizheyizhangtaizhang,不是着一章台章,False,0.5714285714285714,
novel,52,mingyuepinyin,就是那一张太短,jiushinayizhangtaiduan,就是那一章太短,False,0.14285714285714285,
novel,52,mingyuepinyin_with_gram,就是那一张太短,jiushinayizhangtaiduan,就是那一章太短,False,0.14285714285714285,
novel,53,mingyuepinyin,直到试了第七张床才合适,zhidaoshilediqizhangchuangcaiheshi,知道是了第七章床彩盒是,False,0.6363636363636364,
novel,53,mingyuepinyin_with_gram,直到试了第七张床才合适,zhidaoshilediqizhangchuangcaiheshi,知道是了第七章撞才和是,False,0.6363636363636364,
novel,54,mingyuepinyin,她在上面躺下来,tazaishangmiantangxialai,他在上面躺下来,True,0.0,
novel,54,mingyuepinyin_with_gram,她在上面躺下来,tazaishangmiantangxialai,他在上面躺下来,True,0.0,
novel,55,mingyuepinyin,很快就睡着了,henkuaijiushuizhaole,很快就睡着了,True,0.0,
novel,55,mingyuepinyin_with_gram,很快就睡着了,henkuaijiushuizhaole,很快就睡着了,True,0.0,
novel,57,mingyuepinyin,房子的主人们回来了,fangzidezhurenmenhuilaile,房子得住人们回来了,False,0.1111111111111111,
novel,57,mingyuepinyin_with_gram,房子的主人们回来了,fangzidezhurenmenhuilaile,房子的主人们回来了,True,0.0,
novel,58,mingyuepinyin,他们是七个在山里开矿采金子的小矮人,tamenshiqigezaishanlikaikuangcaijinzidexiaoairen,他们十七个在山里开矿彩金字的小矮人,False,0.17647058823529413,
novel,58,mingyuepinyin_with_gram,他们是七个在山里开矿采金子的小矮人,tamenshiqigezaishanlikaikuangcaijinzidexiaoairen,他们是七格在山里开矿彩金子的小矮人,False,0.11764705882352941,
novel,59,mingyuepinyin,他们点亮七盏灯,tamendianliangqizhandeng,他们电量起站等,False,0.7142857142857143,
novel,59,mingyuepinyin_with_gram,他们点亮七盏灯,tamendianliangqizhandeng,他们点亮起站等,False,0.42857142857142855,
novel,60,mingyuepinyin,马上发现有人动过房子里的东西,mashangfaxianyourendongguofangzilidedongxi,马上发现有人动过房子里的东西,True,0.0,
novel,60,mingyuepinyin_with_gram,马上发现有人动过房子里的东西,mashangfaxianyourendongguofangzilidedongxi,马上法先有人懂过房子里的洞悉,False,0.35714285714285715,
novel,75,mingyuepinyin,第一个接着向四周瞧,diyigejiezhexiangsizhouqiao,第一个接着想四周桥,False,0.2222222222222222,
novel,75,mingyuepinyin_with_gram,第一个接着向四周瞧,diyigejiezhexiangsizhouqiao,第一格接着想四周巧,False,0.3333333333333333,
novel,79,mingyuepinyin,其余的一听都跑过来,qiyudeyitingdoupaoguolai,其余的一听都跑过来,True,0.0,
novel,79,mingyuepinyin_with_gram,其余的一听都跑过来,qiyudeyitingdoupaoguolai,其余的一停都跑过来,False,0.1111111111111111,
novel,80,mingyuepinyin,紧跟着他们也都叫了起来,jingenzhetamenyedoujiaoleqilai,紧跟着他们也都叫了起来,True,0.0,
novel,80,mingyuepinyin_with_gram,紧跟着他们也都叫了起来,jingenzhetamenyedoujiaoleqilai,紧跟着他们也都叫了起来,True,0.0,
novel,81,mingyuepinyin,因为他们都看得出有人在他们的床上躺过,yinweitamendoukandechuyourenzaitamendechuangshangtangguo,因为他们都看得出有人在他们的床上糖果,False,0.1111111111111111,
novel,81,mingyuepinyin_with_gram,因为他们都看得出有人在他们的床上躺过,yinweitamendoukandechuyourenzaitamendechuangshangtangguo,音位他们都看的出有人在他们的撞上躺过,False,0.16666666666666666,
novel,82,mingyuepinyin,第七个矮人一看他的床上正睡着的白雪公主,diqigeairenyikantadechuangshangzhengshuizhaodebaixuegongzhu,第七个爱人一看他的床上征税找的白雪公主,False,0.21052631578947367,
novel,82,mingyuepinyin_with_gram,第七个矮人一看他的床上正睡着的白雪公主,diqigeairenyikantadechuangshangzhengshuizhaodebaixuegongzhu,第七个爱人一看他的撞上正睡着的白雪公主,False,0.10526315789473684,
novel,83,mingyuepinyin,立刻把他的兄弟们都叫了过来,likebatadexiongdimendoujiaoleguolai,立刻把它的兄弟们都叫了过来,True,0.0,
novel,83,mingyuepinyin_with_gram,立刻把他的兄弟们都叫了过来,likebatadexiongdimendoujiaoleguolai,立刻把他的兄弟们都叫了过来,True,0.0,
novel,84,mingyuepinyin,他们拿来灯,tamennalaideng,他们拿来等,False,0.2,
novel,84,mingyuepinyin_with_gram,他们拿来灯,tamennalaideng,他们拿来等,False,0.2,
novel,85,mingyuepinyin,仔细照着白雪公主看了好一阵子,zixizhaozhebaixuegongzhukanlehaoyizhenzi,仔细照着白雪公主看了好一阵子,True,0.0,
novel,85,mingyuepinyin_with_gram,仔细照着白雪公主看了好一阵子,zixizhaozhebaixuegongzhukanlehaoyizhenzi,孳息照着白雪公主看了好一阵子,False,0.14285714285714285,
novel,86,mingyuepinyin,惊奇地感叹道,jingqidigantandao,惊奇滴干谈到,False,0.6666666666666666,
novel,86,mingyuepinyin_with_gram,惊奇地感叹道,jingqidigantandao,惊奇地感叹到,False,0.16666666666666666,
novel,89,mingyuepinyin,他们欣喜而又爱怜地看着她,tamenxinxieryouailiandikanzheta,他们信息而又爱恋地看着他,False,0.25,
novel,89,mingyuepinyin_with_gram,他们欣喜而又爱怜地看着她,tamenxinxieryouailiandikanzheta,他们信息而有哀怜地看着他,False,0.3333333333333333,
novel,90,mingyuepinyin,生怕将她吵醒了,shengpajiangtachaoxingle,生怕将他吵醒了,True,0.0,
novel,90,mingyuepinyin_with_gram,生怕将她吵醒了,shengpajiangtachaoxingle,生怕将他吵醒了,True,0.0,
novel,92,mingyuepinyin,第七个小矮人轮着和其他的几个小矮人每人睡一个小时,diqigexiaoairenlunzheheqitadejigexiaoairenmeirenshuiyigexiaoshi,第七个小矮人论者和其他的几个小矮人没人谁一个小时,False,0.16666666666666666,
novel,92,mingyuepinyin_with_gram,第七个小矮人轮着和其他的几个小矮人每人睡一个小时,diqigexiaoairenlunzheheqitadejigexiaoairenmeirenshuiyigexiaoshi,第七格小矮人论者和其他的及格小矮人每人睡一个小时,False,0.20833333333333334,
novel,93,mingyuepinyin,度过了这个夜晚,duguolezhegeyewan,度过了这个夜晚,True,0.0,
novel,93,mingyuepinyin_with_gram,度过了这个夜晚,duguolezhegeyewan,度过了着隔夜晚,False,0.2857142857142857,
novel,94,mingyuepinyin,第二天早上,diertianzaoshang,第二天早上,True,0.0,
novel,94,mingyuepinyin_with_gram,第二天早上,diertianzaoshang,第二天早上,True,0.0,
novel,95,mingyuepinyin,白雪公主醒来后见有七个小矮人围着她,baixuegongzhuxinglaihoujianyouqigexiaoairenweizheta,白雪公主醒来后建有七个小矮人围着他,False,0.058823529411764705,
novel,95,mingyuepinyin_with_gram,白雪公主醒来后见有七个小矮人围着她,baixuegongzhuxinglaihoujianyouqigexiaoairenweizheta,白雪公主醒来后建有七格小矮人味着他,False,0.17647058823529413,
novel,96,mingyuepinyin,吓了一大跳,xialeyidatiao,下了一大跳,False,0.2,
novel,96,mingyuepinyin_with_gram,吓了一大跳,xialeyidatiao,下了一大跳,False,0.2,
novel,97,mingyuepinyin,但他们非常和气地问她说,dantamenfeichangheqidiwentashuo,但他们非常何其低温他说,False,0.36363636363636365,
novel,97,mingyuepinyin_with_gram,但他们非常和气地问她说,dantamenfeichangheqidiwentashuo,但他们非常和其地文他说,False,0.18181818181818182,
novel,99,mingyuepinyin,看着他们那善良朴实的面孔和热情的目光,kanzhetamennashanliangpushidemiankonghereqingdemuguang,看着他们那善良朴实的面孔和热情的目光,True,0.0,
novel,99,mingyuepinyin_with_gram,看着他们那善良朴实的面孔和热情的目光,kanzhetamennashanliangpushidemiankonghereqingdemuguang,看着他们那善良朴实的面孔和热情的目光,True,0.0,
novel,101,mingyuepinyin,我叫白雪公主,wojiaobaixuegongzhu,我校白雪公主,False,0.16666666666666666,
novel,101,mingyuepinyin_with_gram,我叫白雪公主,wojiaobaixuegongzhu,我叫白雪公主,True,0.0,
novel,102,mingyuepinyin,小矮人们又问,xiaoairenmenyouwen,小艾人们尤文,False,0.5,
novel,102,mingyuepinyin_with_gram,小矮人们又问,xiaoairenmenyouwen,小矮人们尤文,False,0.3333333333333333,
novel,105,mingyuepinyin,白雪公主向他们讲述了自己的全部经历,baixuegongzhuxiangtamenjiangshulezijidequanbujingli,白雪公主向他们讲述了自己的全部精力,False,0.11764705882352941,
novel,105,mingyuepinyin_with_gram,白雪公主向他们讲述了自己的全部经历,baixuegongzhuxiangtamenjiangshulezijidequanbujingli,白雪公主想他们讲述了自己的全部精力,False,0.17647058823529413,
novel,106,mingyuepinyin,他们听了非常同情,tamentinglefeichangtongqing,他们听了非常同情,True,0.0,
novel,106,mingyuepinyin_with_gram,他们听了非常同情,tamentinglefeichangtongqing,他们听了非常同情,True,0.0,
novel,108,mingyuepinyin,你可以留在这儿,nikeyiliuzaizheer,你可以留在这儿,True,0.0,
novel,108,mingyuepinyin_with_gram,你可以留在这儿,nikeyiliuzaizheer,你可以留在这儿,True,0.0,
novel,109,mingyuepinyin,我们会尽心照料你的,womenhuijinxinzhaoliaonide,我们会尽心照料你的,True,0.0,
novel,109,mingyuepinyin_with_gram,我们会尽心照料你的,womenhuijinxinzhaoliaonide,我们回金新招了你的,False,0.5555555555555556,
novel,110,mingyuepinyin,白雪公主很乐意地说,baixuegongzhuhenleyidishuo,白雪公主很了一地说,False,0.2222222222222222,
novel,110,mingyuepinyin_with_gram,白雪公主很乐意地说,baixuegongzhuhenleyidishuo,白雪公主很了一地说,False,0.2222222222222222,
novel,112,mingyuepinyin,我非常愿意,wofeichangyuanyi,我非常愿意,True,0.0,
novel,112,mingyuepinyin_with_gram,我非常愿意,wofeichangyuanyi,我非常原意,False,0.2,
novel,114,mingyuepinyin,七个小矮人每天到山里寻找金子和银子,qigexiaoairenmeitiandaoshanlixunzhaojinziheyinzi,七个小矮人每天到山里寻找金子和因子,False,0.058823529411764705,
novel,114,mingyuepinyin_with_gram,七个小矮人每天到山里寻找金子和银子,qigexiaoairenmeitiandaoshanlixunzhaojinziheyinzi,七格小矮人每天到山里寻找金子和因子,False,0.11764705882352941,
novel,115,mingyuepinyin,白雪公主则待在家里干些家务活,baixuegongzhuzedaizaijialiganxiejiawuhuo,白雪公主则待在家里感谢家务活,False,0.14285714285714285,
novel,115,mingyuepinyin_with_gram,白雪公主则待在家里干些家务活,baixuegongzhuzedaizaijialiganxiejiawuhuo,白雪公主责待在家里干些家务活,False,0.07142857142857142,
novel,116,mingyuepinyin,他们告诫她说,tamengaojietashuo,他们高阶他说,False,0.3333333333333333,
novel,116,mingyuepinyin_with_gram,他们告诫她说,tamengaojietashuo,他们告解他说,False,0.16666666666666666,
novel,117,mingyuepinyin,王后不久就会找出你在哪儿的,wanghoubujiujiuhuizhaochunizainaerde,往后不就就会找出你在哪儿的,False,0.15384615384615385,
novel,117,mingyuepinyin_with_gram,王后不久就会找出你在哪儿的,wanghoubujiujiuhuizhaochunizainaerde,王后不久就回找出你在那儿的,False,0.15384615384615385,
novel,118,mingyuepinyin,你千万不要让任何人进屋来,niqianwanbuyaorangrenherenjinwulai,你千万不要让任何人劲舞来,False,0.16666666666666666,
novel,118,mingyuepinyin_with_gram,你千万不要让任何人进屋来,niqianwanbuyaorangrenherenjinwulai,你千万不要让人和人金屋来,False,0.25,
novel,119,mingyuepinyin,那个仆人回来复命后,nagepurenhuilaifuminghou,那个仆人回来复明后,False,0.1111111111111111,
novel,119,mingyuepinyin_with_gram,那个仆人回来复命后,nagepurenhuilaifuminghou,那个仆人回来浮名后,False,0.2222222222222222,
novel,120,mingyuepinyin,王后以为白雪公主已经死了,wanghouyiweibaixuegongzhuyijingsile,往后以为白雪公主已经死了,False,0.08333333333333333,
novel,120,mingyuepinyin_with_gram,王后以为白雪公主已经死了,wanghouyiweibaixuegongzhuyijingsile,王后一位白雪公主意境似了,False,0.4166666666666667,
novel,122,mingyuepinyin,她一定是全国最漂亮的女人了,tayidingshiquanguozuipiaoliangdenvrenle,他一定是全国最漂亮的女人了,True,0.0,
novel,122,mingyuepinyin_with_gram,她一定是全国最漂亮的女人了,tayidingshiquanguozuipiaoliangdenvrenle,他一定是全国最漂亮的女人了,True,0.0,
novel,132,mingyuepinyin,你是这块地方最漂亮的女人,nishizhekuaidifangzuipiaoliangdenvren,你是这块地方最漂亮的女人,True,0.0,
novel,132,mingyuepinyin_with_gram,你是这块地方最漂亮的女人,nishizhekuaidifangzuipiaoliangdenvren,你是着快地方最漂亮的女人,False,0.16666666666666666,
novel,133,mingyuepinyin,但是在山的那一边,danshizaishandenayibian,但是在山的那一边,True,0.0,
novel,133,mingyuepinyin_with_gram,但是在山的那一边,danshizaishandenayibian,但是在山的那一边,True,0.0,
novel,134,mingyuepinyin,在那绿色的树荫下,zainalvsedeshuyinxia,在哪绿色的树荫下,False,0.125,
novel,134,mingyuepinyin_with_gram,在那绿色的树荫下,zainalvsedeshuyinxia,在那绿色的树荫下,True,0.0,
novel,135,mingyuepinyin,有七个小矮人建造的小房屋,youqigexiaoairenjianzaodexiaofangwu,尤其个小矮人建造地笑房屋,False,0.25,
novel,135,mingyuepinyin_with_gram,有七个小矮人建造的小房屋,youqigexiaoairenjianzaodexiaofangwu,有七格小矮人建造的小房屋,False,0.08333333333333333,
novel,136,mingyuepinyin,白雪公主就躲藏在那里,baixuegongzhujiuduocangzainali,白雪公主就躲藏在哪里,False,0.1,
novel,136,mingyuepinyin_with_gram,白雪公主就躲藏在那里,baixuegongzhujiuduocangzainali,白雪公主就躲藏在那里,True,0.0,
novel,139,mingyuepinyin,她比你更漂亮,tabinigengpiaoliang,他比你更漂亮,True,0.0,
novel,139,mingyuepinyin_with_gram,她比你更漂亮,tabinigengpiaoliang,它比你更漂亮,True,0.0,
novel,140,mingyuepinyin,王后听了大吃一惊,wanghoutingledachiyijing,往后听了大吃一惊,False,0.125,
novel,140,mingyuepinyin_with_gram,王后听了大吃一惊,wanghoutingledachiyijing,王后停了大吃一惊,False,0.125,
novel,141,mingyuepinyin,因为她知道这面镜子是从不说假话的,yinweitazhidaozhemianjingzishicongbushuojiahuade,因为他指导者面经姿势从不说假话的,False,0.375,
novel,141,mingyuepinyin_with_gram,因为她知道这面镜子是从不说假话的,yinweitazhidaozhemianjingzishicongbushuojiahuade,因为他指导者面精子是从不说假话的,False,0.25,
novel,142,mingyuepinyin,一定是那仆人蒙骗了她,yidingshinapurenmengpianleta,一定是那仆人蒙骗了他,True,0.0,
novel,142,mingyuepinyin_with_gram,一定是那仆人蒙骗了她,yidingshinapurenmengpianleta,一定是那仆人猛片了他,False,0.2,
novel,143,mingyuepinyin,她决不能容忍有任何比她更漂亮的人活在这个世上,tajuebunengrongrenyourenhebitagengpiaoliangderenhuozaizhegeshishang,他觉不能容忍有任何比他更漂亮的人或在这个时尚,False,0.18181818181818182,
novel,143,mingyuepinyin_with_gram,她决不能容忍有任何比她更漂亮的人活在这个世上,tajuebunengrongrenyourenhebitagengpiaoliangderenhuozaizhegeshishang,他绝不能容人有人和比他更漂亮的人或在着各式上,False,0.36363636363636365,
novel,145,mingyuepinyin,她把自己装扮成一个卖杂货的老太婆,tabazijizhuangbanchengyigemaizahuodelaotaipo,他把自己装扮成一个买杂货的老太婆,False,0.0625,
novel,145,mingyuepinyin_with_gram,她把自己装扮成一个卖杂货的老太婆,tabazijizhuangbanchengyigemaizahuodelaotaipo,他把自己装扮成一个买杂活的老太婆,False,0.125,
novel,146,mingyuepinyin,翻山越岭来到了那七个小矮人的住处,fanshanyuelinglaidaolenaqigexiaoairendezhuchu,翻山越岭来到了拿起个小矮人的住处,False,0.125,
novel,146,mingyuepinyin_with_gram,翻山越岭来到了那七个小矮人的住处,fanshanyuelinglaidaolenaqigexiaoairendezhuchu,翻山越岭来到了那七格小矮人的主厨,False,0.1875,
novel,147,mingyuepinyin,她敲着门喊道,taqiaozhemenhandao,他瞧着们喊道,False,0.3333333333333333,
novel,147,mingyuepinyin_with_gram,她敲着门喊道,taqiaozhemenhandao,他瞧着们喊道,False,0.3333333333333333,
novel,150,mingyuepinyin,白雪公主从窗户往外看去,baixuegongzhucongchuanghuwangwaikanqu,白雪公主从窗户往外看去,True,0.0,
novel,150,mingyuepinyin_with_gram,白雪公主从窗户往外看去,baixuegongzhucongchuanghuwangwaikanqu,白雪公主从窗户往外看去,True,0.0,
novel,156,mingyuepinyin,好漂亮的东西,haopiaoliangdedongxi,好漂亮的东西,True,0.0,
novel,156,mingyuepinyin_with_gram,好漂亮的东西,haopiaoliangdedongxi,好漂亮的洞悉,False,0.3333333333333333,
novel,157,mingyuepinyin,有各种颜色的带子和线筒,yougezhongyansededaizihexiantong,有各种颜色嘚嘚滋贺县同,False,0.5454545454545454,
novel,157,mingyuepinyin_with_gram,有各种颜色的带子和线筒,yougezhongyansededaizihexiantong,有各种颜色的代子和仙童,False,0.2727272727272727,
novel,158,mingyuepinyin,白雪公主暗想,baixuegongzhuanxiang,白雪公主安详,False,0.3333333333333333,
novel,158,mingyuepinyin_with_gram,白雪公主暗想,baixuegongzhuanxiang,白雪公主安详,False,0.3333333333333333,
novel,160,mingyuepinyin,好像并不是那种坏人,haoxiangbingbushinazhonghuairen,好像并不是那种坏人,True,0.0,
novel,160,mingyuepinyin_with_gram,好像并不是那种坏人,haoxiangbingbushinazhonghuairen,好像病不是那种坏人,False,0.1111111111111111,
novel,161,mingyuepinyin,就让她进来吧,jiurangtajinlaiba,就让他进来吧,True,0.0,
novel,161,mingyuepinyin_with_gram,就让她进来吧,jiurangtajinlaiba,就让他近来吧,False,0.16666666666666666,
novel,163,mingyuepinyin,她跑过去打开门,tapaoguoqudakaimen,他跑过去打开门,True,0.0,
novel,163,mingyuepinyin_with_gram,她跑过去打开门,tapaoguoqudakaimen,他跑过去打开门,True,0.0,
novel,164,mingyuepinyin,老太婆进来后说道,laotaipojinlaihoushuodao,老太婆进来后说到,False,0.125,
novel,164,mingyuepinyin_with_gram,老太婆进来后说道,laotaipojinlaihoushuodao,老太婆进来后说到,False,0.125,
novel,167,mingyuepinyin,让我给你系上一根漂亮的新带子,rangwogeinixishangyigenpiaoliangdexindaizi,让我给你席上一根漂亮的新袋子,False,0.14285714285714285,
novel,167,mingyuepinyin_with_gram,让我给你系上一根漂亮的新带子,rangwogeinixishangyigenpiaoliangdexindaizi,让我给你洗上一根漂亮的信贷子,False,0.21428571428571427,
novel,168,mingyuepinyin,白雪公主做梦也没想到这会有危险,baixuegongzhuzuomengyemeixiangdaozhehuiyouweixian,白雪公主作梦也没想到这会有危险,False,0.06666666666666667,
novel,168,mingyuepinyin_with_gram,白雪公主做梦也没想到这会有危险,baixuegongzhuzuomengyemeixiangdaozhehuiyouweixian,白雪公主作梦也没想到者回有危险,False,0.2,
novel,169,mingyuepinyin,所以她走上前去站在了老太婆的面前,suoyitazoushangqianquzhanzailelaotaipodemianqian,所以他走上前去站在了老太婆的面前,True,0.0,
novel,169,mingyuepinyin_with_gram,所以她走上前去站在了老太婆的面前,suoyitazoushangqianquzhanzailelaotaipodemianqian,所以他走上前去站在了老太婆的面前,True,0.0,
novel,170,mingyuepinyin,老太婆很熟练地将带子给她系在胸前,laotaipohenshuliandijiangdaizigeitaxizaixiongqian,老太婆很熟练敌将袋子给他系在胸前,False,0.125,
novel,170,mingyuepinyin_with_gram,老太婆很熟练地将带子给她系在胸前,laotaipohenshuliandijiangdaizigeitaxizaixiongqian,老太婆很熟练帝江代子给他系在胸前,False,0.1875,
novel,173,mingyuepinyin,她猛地用力将带子拉紧,tamengdiyonglijiangdaizilajin,他盟弟用力将袋子拉近,False,0.4,
novel,173,mingyuepinyin_with_gram,她猛地用力将带子拉紧,tamengdiyonglijiangdaizilajin,他猛地用力江代子拉近,False,0.3,
novel,174,mingyuepinyin,白雪公主便被勒得透不过气来,baixuegongzhubianbeileidetoubuguoqilai,白雪公主便被累的透不过气来,False,0.07692307692307693,
novel,174,mingyuepinyin_with_gram,白雪公主便被勒得透不过气来,baixuegongzhubianbeileidetoubuguoqilai,白雪公主便被雷的透不过气来,False,0.07692307692307693,
novel,175,mingyuepinyin,很快失去知觉倒在了地上,henkuaishiquzhijuedaozailedishang,很快失去知觉倒在了地上,True,0.0,
novel,175,mingyuepinyin_with_gram,很快失去知觉倒在了地上,henkuaishiquzhijuedaozailedishang,很快失去知觉到在了地上,False,0.09090909090909091,
novel,176,mingyuepinyin,就像死去了一样,jiuxiangsiquleyiyang,就像死去了一样,True,0.0,
novel,176,mingyuepinyin_with_gram,就像死去了一样,jiuxiangsiquleyiyang,就想死去了一样,False,0.14285714285714285,
novel,177,mingyuepinyin,看到她的样子,kandaotadeyangzi,看到他的样子,True,0.0,
novel,177,mingyuepinyin_with_gram,看到她的样子,kandaotadeyangzi,看到他的洋子,False,0.16666666666666666,
novel,178,mingyuepinyin,恶毒的王后说道,edudewanghoushuodao,恶毒的往后说到,False,0.2857142857142857,
novel,178,mingyuepinyin_with_gram,恶毒的王后说道,edudewanghoushuodao,额度的往后说到,False,0.5714285714285714,
novel,180,mingyuepinyin,说完放心地走了,shuowanfangxindizoule,说完放心地走了,True,0.0,
novel,180,mingyuepinyin_with_gram,说完放心地走了,shuowanfangxindizoule,说完放心地走了,True,0.0,
novel,182,mingyuepinyin,七个小矮人回来了,qigexiaoairenhuilaile,七个小矮人回来了,True,0.0,
novel,182,mingyuepinyin_with_gram,七个小矮人回来了,qigexiaoairenhuilaile,七格小矮人回来了,False,0.125,
novel,183,mingyuepinyin,当他们看到他们诚实可爱的白雪公主躺在地上一动不动,dangtamenkandaotamenchengshikeaidebaixuegongzhutangzaidishangyidongbudong,当他们看到他们城市可爱的白雪公主躺在地上一动不动,False,0.08333333333333333,
novel,183,mingyuepinyin_with_gram,当他们看到他们诚实可爱的白雪公主躺在地上一动不动,dangtamenkandaotamenchengshikeaidebaixuegongzhutangzaidishangyidongbudong,当他们看到他们成是可哀的白雪公主堂在地上一动不动,False,0.16666666666666666,
novel,184,mingyuepinyin,就像死了一样时,jiuxiangsileyiyangshi,就像死了一样是,False,0.14285714285714285,
novel,184,mingyuepinyin_with_gram,就像死了一样时,jiuxiangsileyiyangshi,就想死了一样是,False,0.2857142857142857,
novel,185,mingyuepinyin,他们的心马上缩紧了,tamendexinmashangsuojinle,他们的心马上缩进了,False,0.1111111111111111,
novel,185,mingyuepinyin_with_gram,他们的心马上缩紧了,tamendexinmashangsuojinle,他们的新马上所近了,False,0.3333333333333333,
novel,186,mingyuepinyin,急忙上前将她抬了起来,jimangshangqianjiangtataileqilai,急忙上千将他泰勒起来,False,0.3,
novel,186,mingyuepinyin_with_gram,急忙上前将她抬了起来,jimangshangqianjiangtataileqilai,急忙上千将他太了起来,False,0.2,
novel,187,mingyuepinyin,他们马上剪断了带子,tamenmashangjianduanledaizi,他们马上间断了袋子,False,0.2222222222222222,
novel,187,mingyuepinyin_with_gram,他们马上剪断了带子,tamenmashangjianduanledaizi,他们马上剪短了代子,False,0.2222222222222222,
novel,188,mingyuepinyin,过了一会儿,guoleyihuier,过了一会儿,True,0.0,
novel,188,mingyuepinyin_with_gram,过了一会儿,guoleyihuier,过了一会儿,True,0.0,
novel,189,mingyuepinyin,白雪公主慢慢地开始呼吸了,baixuegongzhumanmandikaishihuxile,白雪公主慢慢地开始呼吸了,True,0.0,
novel,189,mingyuepinyin_with_gram,白雪公主慢慢地开始呼吸了,baixuegongzhumanmandikaishihuxile,白雪公主慢慢地开始呼吸了,True,0.0,
novel,190,mingyuepinyin,不久她又活了过来,bujiutayouhuoleguolai,不就他又火了过来,False,0.25,
novel,190,mingyuepinyin_with_gram,不久她又活了过来,bujiutayouhuoleguolai,不就他又火了过来,False,0.25,
novel,191,mingyuepinyin,听她讲完事情的经过后,tingtajiangwanshiqingdejingguohou,听他讲完事情德境过后,False,0.2,
novel,191,mingyuepinyin_with_gram,听她讲完事情的经过后,tingtajiangwanshiqingdejingguohou,听他讲完事情的靖国后,False,0.2,
novel,193,mingyuepinyin,那个老太婆就是王后,nagelaotaipojiushiwanghou,那个老太婆就是往后,False,0.1111111111111111,
novel,193,mingyuepinyin_with_gram,那个老太婆就是王后,nagelaotaipojiushiwanghou,那个老太婆就是王后,True,0.0,
novel,194,mingyuepinyin,下次你要当心,xiaciniyaodangxin,下次你要当心,True,0.0,
novel,194,mingyuepinyin_with_gram,下次你要当心,xiaciniyaodangxin,下次你要当心,True,0.0,
novel,195,mingyuepinyin,在我们离开后,zaiwomenlikaihou,在我们离开后,True,0.0,
novel,195,mingyuepinyin_with_gram,在我们离开后,zaiwomenlikaihou,在我们离开后,True,0.0,
novel,196,mingyuepinyin,千万不要让任何人进来,qianwanbuyaorangrenherenjinlai,千万不要让任何人进来,True,0.0,
novel,196,mingyuepinyin_with_gram,千万不要让任何人进来,qianwanbuyaorangrenherenjinlai,千万不要让人和人近来,False,0.3,
prose,0,mingyuepinyin,除去几座殿堂我无法进去,chuqujizuodiantangwowufajinqu,出去基座殿堂我无发进去,False,0.2727272727272727,
prose,0,mingyuepinyin_with_gram,除去几座殿堂我无法进去,chuqujizuodiantangwowufajinqu,出去及做店堂我无法禁区,False,0.5454545454545454,
prose,1,mingyuepinyin,除去那座祭坛我不能上去而只能从各个角度张望它,chuqunazuojitanwobunengshangquerzhinengconggegejiaoduzhangwangta,出去那座祭坛我不能上去而至能从各个角度张望他,False,0.09090909090909091,
prose,1,mingyuepinyin_with_gram,除去那座祭坛我不能上去而只能从各个角度张望它,chuqunazuojitanwobunengshangquerzhinengconggegejiaoduzhangwangta,出去那座及探我不能上去而只能从各个角度张望他,False,0.13636363636363635,
prose,2,mingyuepinyin,地坛的每一棵树下我都去过,ditandemeiyikeshuxiawodouquguo,地毯的每一颗树下我都去过,False,0.16666666666666666,
prose,2,mingyuepinyin_with_gram,地坛的每一棵树下我都去过,ditandemeiyikeshuxiawodouquguo,地毯的每一棵树下我都去过,False,0.08333333333333333,
prose,3,mingyuepinyin,差不多它的每一米草地上都有过我的车轮印,chabuduotademeiyimicaodishangdouyouguowodechelunyin,差不多她的美一米草地上都有过我的车轮因,False,0.10526315789473684,
prose,3,mingyuepinyin_with_gram,差不多它的每一米草地上都有过我的车轮印,chabuduotademeiyimicaodishangdouyouguowodechelunyin,差不多他的每一米草地上都有果我的车轮因,False,0.10526315789473684,
prose,4,mingyuepinyin,无论是什么季节,wulunshishenmejijie,无论是什么季节,True,0.0,
prose,4,mingyuepinyin_with_gram,无论是什么季节,wulunshishenmejijie,无论是什么季节,True,0.0,
prose,7,mingyuepinyin,我都在这园子里呆过,wodouzaizheyuanzilidaiguo,我都在这院子里带过,False,0.2222222222222222,
prose,7,mingyuepinyin_with_gram,我都在这园子里呆过,wodouzaizheyuanzilidaiguo,我都在着原子里呆过,False,0.2222222222222222,
prose,8,mingyuepinyin,有时候呆一会儿就回家,youshihoudaiyihuierjiuhuijia,有时候待一会儿就回家,False,0.1,
prose,8,mingyuepinyin_with_gram,有时候呆一会儿就回家,youshihoudaiyihuierjiuhuijia,又是厚待一挥而就回家,False,0.6,
prose,9,mingyuepinyin,有时候就呆到满地上都亮起月光,youshihoujiudaidaomandishangdouliangqiyueguang,有时候就带到满地上都亮起月光,False,0.07142857142857142,
prose,9,mingyuepinyin_with_gram,有时候就呆到满地上都亮起月光,youshihoujiudaidaomandishangdouliangqiyueguang,有时候就逮到慢地上都亮起月光,False,0.14285714285714285,
prose,10,mingyuepinyin,记不清都是在它的哪些角落里了,jibuqingdoushizaitadenaxiejiaoluolile,记不清都是在他的那些角落里了,False,0.07142857142857142,
prose,10,mingyuepinyin_with_gram,记不清都是在它的哪些角落里了,jibuqingdoushizaitadenaxiejiaoluolile,既不情都是在他的那些角落里了,False,0.21428571428571427,
prose,11,mingyuepinyin,我一连几小时专心致志地想关于死的事,woyilianjixiaoshizhuanxinzhizhidixiangguanyusideshi,我一脸几小时专心致志递向关于似的是,False,0.29411764705882354,
prose,11,mingyuepinyin_with_gram,我一连几小时专心致志地想关于死的事,woyilianjixiaoshizhuanxinzhizhidixiangguanyusideshi,我已立案及小时专心致志地相关狱司的是,False,0.47058823529411764,
prose,12,mingyuepinyin,也以同样的耐心和方式想过我为什么要出生,yeyitongyangdenaixinhefangshixiangguowoweishenmeyaochusheng,也已同样地耐心何方试想过我为什么要出生,False,0.15789473684210525,
prose,12,mingyuepinyin_with_gram,也以同样的耐心和方式想过我为什么要出生,yeyitongyangdenaixinhefangshixiangguowoweishenmeyaochusheng,也一同样的耐心和方式橡果我为什么要出生,False,0.15789473684210525,
prose,13,mingyuepinyin,这样想了好几年,zheyangxianglehaojinian,这样想了好几年,True,0.0,
prose,13,mingyuepinyin_with_gram,这样想了好几年,zheyangxianglehaojinian,这样想了好几年,True,0.0,
prose,16,mingyuepinyin,这就不再是一个可以辩论的问题,zhejiubuzaishiyigekeyibianlundewenti,这就不再是一个可以辩论的问题,True,0.0,
prose,16,mingyuepinyin_with_gram,这就不再是一个可以辩论的问题,zhejiubuzaishiyigekeyibianlundewenti,这就不在是一格可以辨论的文体,False,0.35714285714285715,
prose,18,mingyuepinyin,已经顺便保证了它的结果,yijingshunbianbaozhengletadejieguo,已经顺便保证了他的结果,True,0.0,
prose,18,mingyuepinyin_with_gram,已经顺便保证了它的结果,yijingshunbianbaozhengletadejieguo,已经顺便保正了他的接过,False,0.2727272727272727,
prose,19,mingyuepinyin,所以死是一件不必急于求成的事,suoyisishiyijianbubijiyuqiuchengdeshi,所以死是一件不必急于求成的事,True,0.0,
prose,19,mingyuepinyin_with_gram,所以死是一件不必急于求成的事,suoyisishiyijianbubijiyuqiuchengdeshi,所以四是一件不必急于求成的是,False,0.14285714285714285,
prose,20,mingyuepinyin,死是一个必然会降临的节日,sishiyigebiranhuijianglindejieri,死是一个必然会降临的节日,True,0.0,
prose,20,mingyuepinyin_with_gram,死是一个必然会降临的节日,sishiyigebiranhuijianglindejieri,四是一格必然回江林的接日,False,0.5,
prose,21,mingyuepinyin,这样想过之后我安心多了,zheyangxiangguozhihouwoanxinduole,这样想过之后我安心多了,True,0.0,
prose,21,mingyuepinyin_with_gram,这样想过之后我安心多了,zheyangxiangguozhihouwoanxinduole,这样想国之后我安心多了,False,0.09090909090909091,
prose,22,mingyuepinyin,眼前的一切不再那么可怕,yanqiandeyiqiebuzainamekepa,眼前的一切不再那么可怕,True,0.0,
prose,22,mingyuepinyin_with_gram,眼前的一切不再那么可怕,yanqiandeyiqiebuzainamekepa,眼前的一切不在那么可怕,False,0.09090909090909091,
prose,23,mingyuepinyin,比如你起早熬夜准备考试的时候,biruniqizaoaoyezhunbeikaoshideshihou,比如你起早熬夜准备考试的时候,True,0.0,
prose,23,mingyuepinyin_with_gram,比如你起早熬夜准备考试的时候,biruniqizaoaoyezhunbeikaoshideshihou,比如你起早啊哦也准备考是的时候,False,0.2857142857142857,
prose,24,mingyuepinyin,忽然想起有一个长长的假期在前面等待你,huranxiangqiyouyigechangchangdejiaqizaiqianmiandengdaini,忽然想起有一个长长的假期在前面等待你,True,0.0,
prose,24,mingyuepinyin_with_gram,忽然想起有一个长长的假期在前面等待你,huranxiangqiyouyigechangchangdejiaqizaiqianmiandengdaini,忽然想起有一个常常的假期在前面等待你,False,0.1111111111111111,
prose,26,mingyuepinyin,冰灯是流行于中国北方的一种古老的民间艺术形式,bingdengshiliuxingyuzhongguobeifangdeyizhonggulaodeminjianyishuxingshi,冰灯是流星雨中国北方的一种古老的民间艺术形式,False,0.09090909090909091,
prose,26,mingyuepinyin_with_gram,冰灯是流行于中国北方的一种古老的民间艺术形式,bingdengshiliuxingyuzhongguobeifangdeyizhonggulaodeminjianyishuxingshi,丙等是流星雨中国北方的一中古老的民间艺术形式,False,0.22727272727272727,
prose,27,mingyuepinyin,因为独特的地域优势,yinweidutedediyuyoushi,因为独特的低于优势,False,0.2222222222222222,
prose,27,mingyuepinyin_with_gram,因为独特的地域优势,yinweidutedediyuyoushi,因为独特的地域有时,False,0.2222222222222222,
prose,28,mingyuepinyin,黑龙江可以说是制作冰灯最早的地方,heilongjiangkeyishuoshizhizuobingdengzuizaodedifang,黑龙江可以说是制作冰灯最早的地方,True,0.0,
prose,28,mingyuepinyin_with_gram,黑龙江可以说是制作冰灯最早的地方,heilongjiangkeyishuoshizhizuobingdengzuizaodedifang,黑龙江可以说是制作病等最早的地方,False,0.125,
prose,29,mingyuepinyin,传说在很早以前,chuanshuozaihenzaoyiqian,传说在很早以前,True,0.0,
prose,29,mingyuepinyin_with_gram,传说在很早以前,chuanshuozaihenzaoyiqian,传说在很早以前,True,0.0,
prose,30,mingyuepinyin,每到冬季的夜晚,meidaodongjideyewan,每到动机的夜晚,False,0.2857142857142857,
prose,30,mingyuepinyin_with_gram,每到冬季的夜晚,meidaodongjideyewan,每到冬季的夜晚,True,0.0,
prose,31,mingyuepinyin,在松嫩平原上,zaisongnenpingyuanshang,在松嫩平原上,True,0.0,
prose,31,mingyuepinyin_with_gram,在松嫩平原上,zaisongnenpingyuanshang,在松嫩平原上,True,0.0,
prose,32,mingyuepinyin,人们总会看到三五成群的农夫和渔民在悠然自得地喂马和捕鱼,renmenzonghuikandaosanwuchengqundenongfuheyuminzaiyouranzidediweimahebuyu,人们总会看到三五成群的农夫和渔民在悠然自得地位马赫不予,False,0.14814814814814814,
prose,32,mingyuepinyin_with_gram,人们总会看到三五成群的农夫和渔民在悠然自得地喂马和捕鱼,renmenzonghuikandaosanwuchengqundenongfuheyuminzaiyouranzidediweimahebuyu,人们总会看到三五成群的农夫和愚民在悠然自得地位嘛和不予,False,0.18518518518518517,
prose,33,mingyuepinyin,他们所使用的照明工具就是用冰做成的灯笼,tamensuoshiyongdezhaominggongjujiushiyongbingzuochengdedenglong,他们所使用的照明工具就是用兵做成的灯笼,False,0.05263157894736842,
prose,33,mingyuepinyin_with_gram,他们所使用的照明工具就是用冰做成的灯笼,tamensuoshiyongdezhaominggongjujiushiyongbingzuochengdedenglong,他们所使用的照明工具就是用兵做成的登龙,False,0.15789473684210525,
prose,34,mingyuepinyin,这便是最早的冰灯,zhebianshizuizaodebingdeng,这便是最早的冰灯,True,0.0,
prose,34,mingyuepinyin_with_gram,这便是最早的冰灯,zhebianshizuizaodebingdeng,这便是最早的冰灯,True,0.0,
prose,35,mingyuepinyin,当时制作冰灯的工艺也很简单,dangshizhizuobingdengdegongyiyehenjiandan,当时制作冰灯的工艺也很简单,True,0.0,
prose,35,mingyuepinyin_with_gram,当时制作冰灯的工艺也很简单,dangshizhizuobingdengdegongyiyehenjiandan,当是制作病等的公益也很简单,False,0.38461538461538464,
prose,36,mingyuepinyin,把水放进木桶里冻成冰坨,bashuifangjinmutonglidongchengbingtuo,把水放进木同理冻成冰拖,False,0.2727272727272727,
prose,36,mingyuepinyin_with_gram,把水放进木桶里冻成冰坨,bashuifangjinmutonglidongchengbingtuo,把水房金木桶里冻成冰托,False,0.2727272727272727,
prose,38,mingyuepinyin,放个油灯在里面,fanggeyoudengzailimian,放个油灯在里面,True,0.0,
prose,38,mingyuepinyin_with_gram,放个油灯在里面,fanggeyoudengzailimian,方格有等在里面,False,0.5714285714285714,
prose,40,mingyuepinyin,冰罩挡住了凛冽的寒风,bingzhaodangzhulelinliedehanfeng,并找挡住了凛冽的寒风,False,0.2,
prose,40,mingyuepinyin_with_gram,冰罩挡住了凛冽的寒风,bingzhaodangzhulelinliedehanfeng,病找挡住了林列的寒风,False,0.4,
prose,41,mingyuepinyin,黑夜里便有了不灭的灯盏,heiyelibianyoulebumiededengzhan,黑夜里便有了不灭的灯盏,True,0.0,
prose,41,mingyuepinyin_with_gram,黑夜里便有了不灭的灯盏,heiyelibianyoulebumiededengzhan,黑夜里便有了不灭的等站,False,0.18181818181818182,
prose,42,mingyuepinyin,冰灯成了人们生活中不可缺少的帮手,bingdengchenglerenmenshenghuozhongbukequeshaodebangshou,冰灯成了人们生活中不可缺少的榜首,False,0.125,
prose,42,mingyuepinyin_with_gram,冰灯成了人们生活中不可缺少的帮手,bingdengchenglerenmenshenghuozhongbukequeshaodebangshou,丙等成了人们生活中不可缺少的榜首,False,0.25,
prose,44,mingyuepinyin,每逢新春佳节和上元之夜,meifengxinchunjiajieheshangyuanzhiye,每逢新春佳节和伤员职业,False,0.36363636363636365,
prose,44,mingyuepinyin_with_gram,每逢新春佳节和上元之夜,meifengxinchunjiajieheshangyuanzhiye,每逢新春佳节和上元之夜,True,0.0,
prose,45,mingyuepinyin,人们又把它加以装饰,renmenyoubatajiayizhuangshi,人们有把它加以装饰,False,0.1111111111111111,
prose,45,mingyuepinyin_with_gram,人们又把它加以装饰,renmenyoubatajiayizhuangshi,人们有把他家一幢是,False,0.5555555555555556,
prose,46,mingyuepinyin,而成为供人观赏的独特的艺术表现形式,erchengweigongrenguanshangdedutedeyishubiaoxianxingshi,而成为工人观赏的独特的艺术表现形式,False,0.058823529411764705,
prose,46,mingyuepinyin_with_gram,而成为供人观赏的独特的艺术表现形式,erchengweigongrenguanshangdedutedeyishubiaoxianxingshi,而成为工人管上的都特的一书表现形式,False,0.35294117647058826,
tech,0,mingyuepinyin,从普遍认知来看,congpubianrenzhilaikan,从普遍认知来看,True,0.0,
tech,0,mingyuepinyin_with_gram,从普遍认知来看,congpubianrenzhilaikan,从普遍人只来看,False,0.2857142857142857,
tech,1,mingyuepinyin,最重要的成就是大规模新兴产业的发展,zuizhongyaodechengjiushidaguimoxinxingchanyedefazhan,最重要的成就是大规模新兴产业的发展,True,0.0,
tech,1,mingyuepinyin_with_gram,最重要的成就是大规模新兴产业的发展,zuizhongyaodechengjiushidaguimoxinxingchanyedefazhan,最重要的成就是大规模新兴产业的法占,False,0.11764705882352941,
tech,2,mingyuepinyin,高新技术领域的大规模生产,gaoxinjishulingyudedaguimoshengchan,高新技术领域的大规模生产,True,0.0,
tech,2,mingyuepinyin_with_gram,高新技术领域的大规模生产,gaoxinjishulingyudedaguimoshengchan,高新技术领域的大规模生产,True,0.0,
tech,3,mingyuepinyin,这是全新且规模庞大的生产体系,zheshiquanxinqieguimopangdadeshengchantixi,这是全新且规模庞大的生产体系,True,0.0,
tech,3,mingyuepinyin_with_gram,这是全新且规模庞大的生产体系,zheshiquanxinqieguimopangdadeshengchantixi,这是全心切规模庞大的生产体系,False,0.14285714285714285,
tech,4,mingyuepinyin,在这些领域,zaizhexielingyu,在这些领域,True,0.0,
tech,4,mingyuepinyin_with_gram,在这些领域,zaizhexielingyu,在这些零余,False,0.4,
tech,5,mingyuepinyin,中国独树一帜,zhongguodushuyizhi,中国独树一帜,True,0.0,
tech,5,mingyuepinyin_with_gram,中国独树一帜,zhongguodushuyizhi,中国独树一帜,True,0.0,
tech,6,mingyuepinyin,当今世界尚无其他国家取得同等成就,dangjinshijieshangwuqitaguojiaqudetongdengchengjiu,当今世界上午其他国家取得同等成就,False,0.125,
tech,6,mingyuepinyin_with_gram,当今世界尚无其他国家取得同等成就,dangjinshijieshangwuqitaguojiaqudetongdengchengjiu,当今世界上物其他国家去的同等成就,False,0.1875,
tech,8,mingyuepinyin,中国也保持了中间品生产等传统优势,zhongguoyebaochilezhongjianpinshengchandengchuantongyoushi,中国也保持了中间品生产等传统优势,True,0.0,
tech,8,mingyuepinyin_with_gram,中国也保持了中间品生产等传统优势,zhongguoyebaochilezhongjianpinshengchandengchuantongyoushi,种果也保持了中建品生产灯串通有是,False,0.5,
tech,9,mingyuepinyin,从经济学视角看,congjingjixueshijiaokan,从警鸡血石校勘,False,0.8571428571428571,
tech,9,mingyuepinyin_with_gram,从经济学视角看,congjingjixueshijiaokan,从警及血是校勘,False,0.8571428571428571,
tech,10,mingyuepinyin,这正是中国与其他经济体的显著差异,zhezhengshizhongguoyuqitajingjitidexianzhuchayi,这正是中国语其他经济提的显著差异,False,0.125,
tech,10,mingyuepinyin_with_gram,这正是中国与其他经济体的显著差异,zhezhengshizhongguoyuqitajingjitidexianzhuchayi,这正是中国与其他景及提的先煮茶一,False,0.4375,
tech,11,mingyuepinyin,在当今数字化时代,zaidangjinshuzihuashidai,在当今数字化时代,True,0.0,
tech,11,mingyuepinyin_with_gram,在当今数字化时代,zaidangjinshuzihuashidai,在当今数字化石埭,False,0.25,
tech,12,mingyuepinyin,区块链技术已经成为全球范围内备受瞩目的话题,qukuailianjishuyijingchengweiquanqiufanweineibeishouzhumudihuati,区块链技术已经成为全球范围内备受瞩目地话题,True,0.0,
tech,12,mingyuepinyin_with_gram,区块链技术已经成为全球范围内备受瞩目的话题,qukuailianjishuyijingchengweiquanqiufanweineibeishouzhumudihuati,区块链技术已经成为全球范围内备受瞩目地滑梯,False,0.09523809523809523,
tech,13,mingyuepinyin,从金融到供应链,congjinrongdaogongyinglian,从金融到供应链,True,0.0,
tech,13,mingyuepinyin_with_gram,从金融到供应链,congjinrongdaogongyinglian,从金融到供应链,True,0.0,
tech,14,mingyuepinyin,从物联网到数字身份,congwulianwangdaoshuzishenfen,从物联网到数字身份,True,0.0,
tech,14,mingyuepinyin_with_gram,从物联网到数字身份,congwulianwangdaoshuzishenfen,从物联网道述自身份,False,0.3333333333333333,
tech,15,mingyuepinyin,区块链正在以惊人的速度渗透到各个行业,qukuailianzhengzaiyijingrendesudushentoudaogegehangye,区块链正在已经人的速度渗透到各个行业,False,0.1111111111111111,
tech,15,mingyuepinyin_with_gram,区块链正在以惊人的速度渗透到各个行业,qukuailianzhengzaiyijingrendesudushentoudaogegehangye,区块链正在意境人的速度深透到各各行业,False,0.2222222222222222,
tech,16,mingyuepinyin,并在重塑着我们的社会和经济格局,bingzaizhongsuzhewomendeshehuihejingjigeju,并在中苏辙我们的社会和经济格局,False,0.2,
tech,16,mingyuepinyin_with_gram,并在重塑着我们的社会和经济格局,bingzaizhongsuzhewomendeshehuihejingjigeju,并在中苏着我们的射回和精及格局,False,0.4,
tech,17,mingyuepinyin,区块链最初因其作为比特币背后技术的而引起人们的关注,qukuailianzuichuyinqizuoweibitebibeihoujishudeeryinqirenmendeguanzhu,区块链最初引起作为比特币背后技术的而引起人们的关注,False,0.08,
tech,17,mingyuepinyin_with_gram,区块链最初因其作为比特币背后技术的而引起人们的关注,qukuailianzuichuyinqizuoweibitebibeihoujishudeeryinqirenmendeguanzhu,区块链最初引起坐位比特币背后记述的而引起人们的管住,False,0.32,
tech,19,mingyuepinyin,它已经远远超出了仅仅作为数字货币的用途,tayijingyuanyuanchaochulejinjinzuoweishuzihuobideyongtu,他已经远远超出了仅仅作为数字货币的用途,True,0.0,
tech,19,mingyuepinyin_with_gram,它已经远远超出了仅仅作为数字货币的用途,tayijingyuanyuanchaochulejinjinzuoweishuzihuobideyongtu,他已经远远超出了金金作为数字或比的用途,False,0.21052631578947367,
tech,20,mingyuepinyin,它被认为是一种革命性的技术,tabeirenweishiyizhonggemingxingdejishu,他被认为是一种革命性的技术,True,0.0,
tech,20,mingyuepinyin_with_gram,它被认为是一种革命性的技术,tabeirenweishiyizhonggemingxingdejishu,他被认为是一中革命性的技术,False,0.07692307692307693,
tech,21,mingyuepinyin,并促进更加公平和透明的交易,bingcujingengjiagongpinghetoumingdejiaoyi,并促进更加公平和透明的交易,True,0.0,
tech,21,mingyuepinyin_with_gram,并促进更加公平和透明的交易,bingcujingengjiagongpinghetoumingdejiaoyi,冰醋劲更加公平和透明的交易,False,0.23076923076923078,
tech,22,mingyuepinyin,在这个账本上,zaizhegezhangbenshang,在这个账本上,True,0.0,
tech,22,mingyuepinyin_with_gram,在这个账本上,zaizhegezhangbenshang,在这个账本上,True,0.0,
tech,23,mingyuepinyin,所有的交易都被记录下来,suoyoudejiaoyidoubeijiluxialai,所有的交易都被记录下来,True,0.0,
tech,23,mingyuepinyin_with_gram,所有的交易都被记录下来,suoyoudejiaoyidoubeijiluxialai,所有的交易都被记录下来,True,0.0,
tech,24,mingyuepinyin,并通过加密技术保护,bingtongguojiamijishubaohu,并通过加密技术保护,True,0.0,
tech,24,mingyuepinyin_with_gram,并通过加密技术保护,bingtongguojiamijishubaohu,并通过加密技术保护,True,0.0,
tech,25,mingyuepinyin,使得数据不易被篡改或伪造,shideshujubuyibeicuangaihuoweizao,使得数据不一杯篡改或伪造,False,0.16666666666666666,
tech,25,mingyuepinyin_with_gram,使得数据不易被篡改或伪造,shideshujubuyibeicuangaihuoweizao,是地鼠局部已被篡改或未遭,False,0.5833333333333334,
tech,26,mingyuepinyin,这种去中心化的特性意味着不再需要依赖于单一的中心化机构或权威来验证和管理数据,zhezhongquzhongxinhuadetexingyiweizhebuzaixuyaoyilaiyudanyidezhongxinhuajigouhuoquanweilaiyanzhengheguanlishuju,这种去中心化的特性意味着不再需要依赖於单一的中心化机构活泉未来验证和管理数据,False,0.10526315789473684,
tech,26,mingyuepinyin_with_gram,这种去中心化的特性意味着不再需要依赖于单一的中心化机构或权威来验证和管理数据,zhezhongquzhongxinhuadetexingyiweizhebuzaixuyaoyilaiyudanyidezhongxinhuajigouhuoquanweilaiyanzhengheguanlishuju,着中去中心化的特性意味着不在需要依赖於单一的中心化基构或全未来癌症和管理数据,False,0.23684210526315788,
tech,27,mingyuepinyin,而是由网络中的参与者共同维护,ershiyouwangluozhongdecanyuzhegongtongweihu,而是由网络中的参与者共同维护,True,0.0,
tech,27,mingyuepinyin_with_gram,而是由网络中的参与者共同维护,ershiyouwangluozhongdecanyuzhegongtongweihu,而是有望落中的参与者共同维护,False,0.21428571428571427,
tech,28,mingyuepinyin,正是由于这些特性,zhengshiyouyuzhexietexing,正是由与这些特性,False,0.125,
tech,28,mingyuepinyin_with_gram,正是由于这些特性,zhengshiyouyuzhexietexing,正是有遇着些特性,False,0.375,
tech,29,mingyuepinyin,区块链技术正在引发各个行业的变革,qukuailianjishuzhengzaiyinfagegehangyedebiange,区块链技术正在引发各个行业的变革,True,0.0,
tech,29,mingyuepinyin_with_gram,区块链技术正在引发各个行业的变革,qukuailianjishuzhengzaiyinfagegehangyedebiange,区块链技术正在引发格格行也得便格,False,0.3125,
tech,30,mingyuepinyin,在金融领域,zaijinronglingyu,在金融领域,True,0.0,
tech,30,mingyuepinyin_with_gram,在金融领域,zaijinronglingyu,在金融领域,True,0.0,
tech,31,mingyuepinyin,它正在改变支付和结算方式,tazhengzaigaibianzhifuhejiesuanfangshi,他正在改变支付和结算方式,True,0.0,
tech,31,mingyuepinyin_with_gram,它正在改变支付和结算方式,tazhengzaigaibianzhifuhejiesuanfangshi,他正在改变支付和解算方式,False,0.08333333333333333,
tech,34,mingyuepinyin,它正在帮助解决身份验证和个人隐私保护的问题,tazhengzaibangzhujiejueshenfenyanzhenghegerenyinsibaohudewenti,他正在帮助解决身份验证和个人隐私保护地问题,True,0.0,
tech,34,mingyuepinyin_with_gram,它正在帮助解决身份验证和个人隐私保护的问题,tazhengzaibangzhujiejueshenfenyanzhenghegerenyinsibaohudewenti,他正在帮助解决身份验证和各人因私保护的文体,False,0.19047619047619047,
test,0,mingyuepinyin,充满希望的跋涉比到达目的地更能给人乐趣,chongmanxiwangdebashebidaodamudidigengnenggeirenlequ,充满希望得把涉笔到达目的地更能给人乐趣,False,0.10526315789473684,
test,0,mingyuepinyin_with_gram,充满希望的跋涉比到达目的地更能给人乐趣,chongmanxiwangdebashebidaodamudidigengnenggeirenlequ,充满希望的跋涉逼到大目的地更能给人了去,False,0.21052631578947367,
test,1,mingyuepinyin,各个国家有各个国家的国歌,gegeguojiayougegeguojiadeguoge,各个国家有各个国家德国个,False,0.16666666666666666,
test,1,mingyuepinyin_with_gram,各个国家有各个国家的国歌,gegeguojiayougegeguojiadeguoge,各个国家有各个国家的果各,False,0.16666666666666666,
test,2,mingyuepinyin,我和刚交的朋友打几把王者荣耀,wohegangjiaodepengyoudajibawangzherongyao,我和肛交的朋友打几把王者荣耀,False,0.07142857142857142,
test,2,mingyuepinyin_with_gram,我和刚交的朋友打几把王者荣耀,wohegangjiaodepengyoudajibawangzherongyao,我和肛交的朋友打几把王者容要,False,0.21428571428571427,
test,3,mingyuepinyin,图书馆里的藏书多种多样,tushuguanlidecangshuduozhongduoyang,图书馆里的藏书多种多样,True,0.0,
test,3,mingyuepinyin_with_gram,图书馆里的藏书多种多样,tushuguanlidecangshuduozhongduoyang,图书馆里的藏书多种多样,True,0.0,
test,4,mingyuepinyin,光的衍射与折射,guangdeyansheyuzheshe,光的衍射与折射,True,0.0,
test,4,mingyuepinyin_with_gram,光的衍射与折射,guangdeyansheyuzheshe,光的衍射遇着社,False,0.42857142857142855,
